,City,Country,Latitude,Longitude,Current Temperature,Humidity,Cloudiness,Wind Speed,Date
0,Ozona,US,30.4,-101.04,73.3,64,1,4.1,2020-10-26 00:53:12
1,Seyfūllīn,KZ,53.44,68.94,45.3,87,100,5.97,2020-10-26 00:53:12
2,Sesheke,ZM,-17.13,24.75,68.8,34,0,1.49,2020-10-26 00:53:13
3,Mweka,CD,-4.52,21.44,69.4,99,100,0.67,2020-10-26 00:53:13
4,Bowen,AR,-34.47,-67.1,64.7,28,0,2.61,2020-10-26 00:53:13
5,Tanjung,ID,-4.39,114.49,84.2,74,100,4.97,2020-10-26 00:53:14
6,Tokār,SD,18.04,38.55,83.7,70,0,5.98,2020-10-26 00:53:15
7,Celestún,MX,21.83,-90.79,80.7,80,95,8.11,2020-10-26 00:53:15
8,Rio Brilhante,BR,-21.57,-54.51,80.3,69,23,2.23,2020-10-26 00:53:16
9,Sigli,ID,6.35,96.57,83.7,74,100,5.82,2020-10-26 00:53:17
10,Tahe,CN,51.47,125.95,36.5,79,100,1.69,2020-10-26 00:53:17
11,Madre de Dios,PE,-12.05,-69.83,80.2,71,98,1.51,2020-10-26 00:53:17
12,Dongargaon,IN,20.92,80.94,68.5,68,0,0.83,2020-10-26 00:53:18
13,Fort Franklin,CA,65.22,-120.65,28.5,94,81,9.24,2020-10-26 00:53:20
14,Porgera,PG,-5.29,143.12,69.4,76,34,1.58,2020-10-26 00:53:20
15,Dukhovnitskoye,RU,52.48,48.24,39.6,75,0,7.77,2020-10-26 00:53:21
16,Brezina,DZ,33.35,1.18,48.2,66,0,1.0,2020-10-26 00:53:21
17,Ullswater,AU,-36.96,141.34,59.3,63,1,6.91,2020-10-26 00:53:22
18,Nuiqsut,US,70.4,-152.01,22.1,85,90,6.2,2020-10-26 00:53:23
19,Yazıbaşı,TR,39.84,36.93,44.6,52,0,1.5,2020-10-26 00:53:23
20,Northwest,IS,65.1,-20.63,36.0,87,65,1.79,2020-10-26 00:53:24
21,Sachs Harbour,CA,72.67,-127.88,11.4,95,100,6.5,2020-10-26 00:53:24
22,Ullal,IN,12.5,73.72,80.7,72,26,2.18,2020-10-26 00:53:24
23,Iriba,TD,15.47,22.09,69.0,25,0,5.35,2020-10-26 00:53:24
24,Néma,MR,16.12,-6.8,83.5,13,0,6.02,2020-10-26 00:53:25
25,Bilibino,RU,67.77,163.34,17.0,94,100,0.96,2020-10-26 00:53:26
26,Ghardaia Province,DZ,31.15,4.24,67.2,37,0,3.16,2020-10-26 00:53:26
27,Khakasiya Republic,RU,53.47,90.5,28.4,63,0,4.0,2020-10-26 00:53:27
28,Arizona,US,34.69,-111.27,57.7,70,0,1.79,2020-10-26 00:53:27
29,Foso,GH,5.82,-1.24,72.6,99,26,1.04,2020-10-26 00:53:27
30,Niger,NE,16.0,7.43,73.2,21,0,4.39,2020-10-26 00:53:28
31,Kelibia,TN,36.98,11.26,59.0,93,0,0.5,2020-10-26 00:53:28
32,Røst,NO,67.7,11.86,49.1,82,100,10.12,2020-10-26 00:53:28
33,Laranja da Terra,BR,-19.81,-41.19,68.1,96,90,0.72,2020-10-26 00:53:30
34,-,KZ,49.47,64.74,51.0,80,100,12.44,2020-10-26 00:53:30
35,Jabal al Gharbi District,LY,30.89,12.82,59.4,93,82,6.61,2020-10-26 00:53:31
36,Tymovskoye,RU,50.97,143.04,32.6,97,100,5.18,2020-10-26 00:53:32
37,Yubzha,CN,33.9,83.82,13.9,65,0,3.46,2020-10-26 00:53:33
38,Panguna,PG,-7.04,155.99,83.3,74,87,4.5,2020-10-26 00:53:34
39,Haines,US,59.1,-135.55,30.2,86,90,3.6,2020-10-26 00:53:34
40,Dunnigan,US,38.93,-121.93,65.9,15,20,10.8,2020-10-26 00:53:34
41,Goldfields,CA,58.32,-108.91,17.7,94,100,3.1,2020-10-26 00:53:35
42,Ofanleiti,IS,62.9,-21.52,44.9,71,0,1.32,2020-10-26 00:53:35
43,Jokkmokk,SE,66.71,20.03,30.2,100,90,5.1,2020-10-26 00:53:36
44,Ghat,LY,24.49,10.82,64.0,31,0,0.38,2020-10-26 00:53:36
45,Naj‘ Tinjār,EG,24.26,32.17,65.4,47,0,5.38,2020-10-26 00:53:36
46,Neiafu,TO,-18.15,-173.02,76.7,82,100,7.25,2020-10-26 00:53:37
47,Boothbay Harbor,US,43.75,-69.67,37.4,80,1,5.68,2020-10-26 00:53:38
48,Kavaratti,IN,10.33,71.37,81.8,73,79,1.78,2020-10-26 00:53:39
49,Carauari,BR,-4.89,-66.66,74.2,91,74,0.03,2020-10-26 00:53:39
50,Nosy Varika,MG,-20.88,49.82,74.4,66,5,2.92,2020-10-26 00:53:39
51,Huangtian Nongchang,CN,42.6,93.81,41.6,58,100,2.77,2020-10-26 00:53:40
52,Kismayo,SO,-0.66,42.91,80.3,81,100,4.82,2020-10-26 00:53:40
53,Potanina,RU,56.32,105.81,19.0,95,100,1.56,2020-10-26 00:53:41
54,Stoneville,AU,-30.16,122.36,71.7,25,0,8.64,2020-10-26 00:53:42
55,Vel't,RU,67.1,50.36,13.5,96,40,4.04,2020-10-26 00:53:42
56,Bagdarin,RU,54.09,113.93,28.3,98,100,1.85,2020-10-26 00:53:42
57,Pahrump,US,35.97,-116.07,65.0,17,0,4.47,2020-10-26 00:53:43
58,Isachsen,CA,79.28,-97.09,5.6,93,70,4.25,2020-10-26 00:53:43
59,Nikiski,US,60.81,-151.05,36.2,93,90,13.4,2020-10-26 00:53:45
60,Departamento de Picún Leufú,AR,-39.35,-69.63,56.0,33,0,3.58,2020-10-26 00:53:45
61,Norman Wells,CA,64.46,-128.61,4.6,87,28,1.99,2020-10-26 00:53:45
62,Fort Good Hope,CA,66.38,-130.68,22.5,96,100,4.49,2020-10-26 00:53:45
63,Discovery,CA,64.44,-113.42,23.0,100,90,5.1,2020-10-26 00:53:46
64,Pine Ridge,US,42.94,-102.61,11.1,66,90,1.5,2020-10-26 00:53:47
65,Gamboa,CL,-42.45,-74.04,45.2,76,90,4.1,2020-10-26 00:53:47
66,Ross River,CA,61.12,-133.19,16.5,92,100,1.13,2020-10-26 00:53:47
67,Polyarnyye Zori,RU,67.39,32.25,25.8,97,100,3.67,2020-10-26 00:53:48
68,Ruvuma,TZ,-11.72,36.64,73.0,73,30,2.5,2020-10-26 00:53:49
69,Francke,CL,-25.92,-69.77,53.4,36,0,1.44,2020-10-26 00:53:49
70,Provincia de Antofagasta,CL,-24.52,-69.85,57.8,31,0,2.62,2020-10-26 00:53:49
71,Perho,FI,63.17,24.63,43.0,98,100,5.76,2020-10-26 00:53:50
72,Watson Lake,CA,60.38,-127.94,23.0,79,90,2.6,2020-10-26 00:53:50
73,Navonda,VU,-15.02,168.98,80.6,76,5,7.24,2020-10-26 00:53:51
74,Richibucto,CA,46.82,-64.65,39.2,70,0,7.68,2020-10-26 00:53:51
75,Entuziastov,RU,71.49,133.43,12.3,95,100,9.96,2020-10-26 00:53:52
76,Krutinka,RU,56.11,71.83,38.5,96,100,4.03,2020-10-26 00:53:52
77,Whyalla,AU,-32.89,137.71,57.2,44,90,5.1,2020-10-26 00:53:52
78,Teribërka,RU,70.37,36.12,36.9,79,100,8.63,2020-10-26 00:53:53
79,Merus,ID,2.04,109.4,81.1,84,100,3.67,2020-10-26 00:53:53
80,Uummannaq,GL,70.88,-51.42,8.5,75,80,1.65,2020-10-26 00:53:53
81,São Sebastião do Caí,BR,-29.61,-51.34,75.4,68,100,3.13,2020-10-26 00:53:54
82,Ust'-Ilimsk,RU,58.78,104.52,20.5,96,100,2.69,2020-10-26 00:53:54
83,Emita,AU,-39.41,148.51,54.0,69,100,10.53,2020-10-26 00:53:55
84,Dupuy,CA,48.64,-79.55,27.2,97,100,1.65,2020-10-26 00:53:55
85,Bahamas,BS,24.77,-77.36,80.6,88,0,3.6,2020-10-26 00:53:56
86,Aozou,TD,20.9,18.27,53.7,45,0,4.42,2020-10-26 00:53:57
87,Dingxi,CN,35.71,104.18,48.0,34,100,0.41,2020-10-26 00:53:57
88,Middlingbank,AU,-36.29,148.84,42.8,93,90,7.2,2020-10-26 00:53:58
89,Shimoni,KE,-4.85,39.3,77.6,81,65,2.54,2020-10-26 00:53:59
90,Saint Helena,SH,-16.26,-4.53,65.2,86,100,7.79,2020-10-26 00:53:59
91,Uborka,RU,44.71,134.0,43.4,69,1,1.19,2020-10-26 00:53:59
92,Daintree,AU,-16.24,145.13,86.7,38,57,2.57,2020-10-26 00:54:00
93,French Southern Territories,TF,-42.93,68.06,48.6,75,100,11.53,2020-10-26 00:54:01
94,Hollis,US,34.71,-99.84,42.2,87,90,9.3,2020-10-26 00:54:01
95,Ko Chang Tai,TH,11.65,101.68,81.3,70,77,3.44,2020-10-26 00:54:01
96,Daliburgh,GB,56.45,-9.34,51.8,80,24,15.68,2020-10-26 00:54:01
97,Pond Inlet,CA,73.63,-80.17,11.2,89,94,2.52,2020-10-26 00:54:03
98,Isachsen,CA,77.8,-106.9,7.1,94,100,7.52,2020-10-26 00:54:04
99,Madaoua,NE,14.08,6.42,82.0,15,0,3.91,2020-10-26 00:54:05
100,Ad Dilam,SA,23.49,47.19,65.8,28,0,2.9,2020-10-26 00:54:05
101,Guarda Mor,BR,-17.42,-47.2,68.0,92,22,2.17,2020-10-26 00:54:07
102,Maradi,NE,14.67,7.42,79.3,17,74,4.0,2020-10-26 00:54:07
103,Wales,US,66.51,-167.26,35.1,87,100,5.39,2020-10-26 00:54:08
104,Zimov’ye Kezhemskoye,RU,60.53,99.28,17.7,94,17,0.92,2020-10-26 00:54:08
105,Puerto Williams,CL,-55.7,-66.52,41.8,94,76,3.71,2020-10-26 00:54:09
106,Khuzdar,PK,27.11,66.33,56.0,33,0,1.86,2020-10-26 00:54:09
107,Huangshapu,CN,29.72,114.68,61.1,64,100,0.87,2020-10-26 00:54:11
108,Stanley Mission,CA,56.18,-105.46,20.7,93,86,3.24,2020-10-26 00:54:11
109,Da Lat,VN,11.83,108.16,71.4,86,70,0.48,2020-10-26 00:54:12
110,Ust'-Ilimsk,RU,58.25,101.05,21.3,95,3,2.21,2020-10-26 00:54:13
111,Krasnosel'kup,RU,65.2,82.95,4.1,93,0,4.99,2020-10-26 00:54:13
112,Preiļi Municipality,LV,56.33,26.66,44.7,94,100,3.92,2020-10-26 00:54:13
113,Beiwudu,CN,33.63,113.71,64.9,41,100,1.56,2020-10-26 00:54:14
114,Ardmore,CA,54.39,-110.46,24.8,45,75,4.1,2020-10-26 00:54:15
115,Berens Landing,CA,62.11,-120.38,24.8,62,40,1.0,2020-10-26 00:54:15
116,Charyshskoye,RU,51.35,83.71,30.1,91,100,3.04,2020-10-26 00:54:16
117,Nunavut,CA,70.11,-92.19,13.8,95,100,3.51,2020-10-26 00:54:16
118,Tsiigehtchic,CA,67.13,-131.03,16.8,97,93,6.04,2020-10-26 00:54:17
119,Khomas,NA,-23.01,17.89,67.2,41,14,1.58,2020-10-26 00:54:17
120,Rappang,ID,-3.75,119.86,85.1,69,61,2.2,2020-10-26 00:54:18
121,Aldama,MX,22.77,-97.73,79.3,64,0,0.89,2020-10-26 00:54:18
122,Shihezi,CN,43.99,86.16,29.9,92,0,0.5,2020-10-26 00:54:19
123,Padilla de Arriba,ES,42.47,-4.18,38.0,95,12,5.25,2020-10-26 00:54:19
124,Sarmizegetusa,RO,45.52,22.76,49.6,86,98,0.46,2020-10-26 00:54:20
125,Arviat,CA,60.05,-94.63,16.0,95,83,5.73,2020-10-26 00:54:20
126,Aligoundiri,NE,13.38,12.43,80.8,19,73,4.3,2020-10-26 00:54:20
127,Wager Bay,CA,65.19,-89.25,3.3,91,8,2.19,2020-10-26 00:54:21
128,Aksu-Ayuly,KZ,48.95,73.98,38.3,69,100,6.5,2020-10-26 00:54:22
129,Pickle Lake,CA,52.19,-89.23,20.3,91,97,1.92,2020-10-26 00:54:22
130,Uttarkāshi,IN,30.85,78.71,28.4,90,0,1.7,2020-10-26 00:54:23
131,Aleutians West,US,52.9,-173.68,44.3,82,90,6.36,2020-10-26 00:54:24
132,Xianshui,CN,30.32,100.89,42.7,74,74,0.4,2020-10-26 00:54:24
133,Nukuoro,FM,2.7,155.46,83.3,73,99,1.94,2020-10-26 00:54:24
134,Gialo,LY,30.08,22.43,63.3,76,0,2.57,2020-10-26 00:54:25
135,Bonfim,BR,3.22,-59.9,82.6,62,40,1.68,2020-10-26 00:54:26
136,Septimus,AU,-21.45,148.68,85.2,69,90,3.6,2020-10-26 00:54:27
137,Ponezhukay,RU,44.79,39.55,54.6,93,58,2.0,2020-10-26 00:54:27
138,Pangnirtung,CA,65.6,-68.58,11.0,96,89,5.16,2020-10-26 00:54:29
139,Juli,PE,-16.2,-69.57,46.1,66,82,5.99,2020-10-26 00:54:30
140,Erenhot,CN,43.47,112.09,40.5,59,0,9.24,2020-10-26 00:54:31
141,Ostān-e Kermānshāh,IR,34.61,46.65,48.2,18,0,0.25,2020-10-26 00:54:32
142,Dahlia,ZW,-18.57,27.23,68.9,28,0,2.95,2020-10-26 00:54:32
143,Sāngola,IN,17.15,75.37,73.4,80,41,2.66,2020-10-26 00:54:33
144,Old Crow,CA,66.43,-141.05,25.6,98,100,1.05,2020-10-26 00:54:33
145,Ulaanhudag,MN,47.56,104.3,24.4,85,0,0.99,2020-10-26 00:54:34
146,Algeria,DZ,28.11,3.73,68.8,45,100,5.09,2020-10-26 00:54:34
147,Newman,AU,-24.12,120.53,84.3,18,0,9.27,2020-10-26 00:54:34
148,Funehikimachi-funehiki,JP,37.56,140.7,58.0,76,75,1.5,2020-10-26 00:54:36
149,Mbumi,TZ,-8.01,39.36,76.4,82,0,2.85,2020-10-26 00:54:37
150,Baker Lake,CA,63.76,-94.01,3.7,95,87,2.8,2020-10-26 00:54:38
151,Terenos,BR,-20.2,-54.88,82.4,65,0,2.1,2020-10-26 00:54:39
152,Manokwari,ID,-0.5,135.25,84.8,65,1,1.4,2020-10-26 00:54:40
153,Srednekolymsk,RU,67.1,156.47,20.2,94,100,0.75,2020-10-26 00:54:40
154,Dikson,RU,73.65,84.84,18.5,97,100,6.06,2020-10-26 00:54:41
155,River Gee County,LR,5.5,-7.73,71.7,99,37,1.07,2020-10-26 00:54:41
156,Maleevsk,KZ,49.75,84.57,32.6,86,100,0.71,2020-10-26 00:54:42
157,Drovyanoy,RU,71.27,71.57,12.4,97,100,4.07,2020-10-26 00:54:42
158,Leksula,ID,-4.06,125.91,82.9,68,85,4.98,2020-10-26 00:54:43
159,Xinghe Chengguanzhen,CN,40.78,113.89,46.5,50,22,5.01,2020-10-26 00:54:44
160,Guajará Açu,BR,-9.73,-65.53,78.3,77,0,1.99,2020-10-26 00:54:45
161,Diplo,PK,23.99,69.32,79.7,57,0,4.41,2020-10-26 00:54:46
162,De Aar,ZA,-30.78,23.74,66.3,52,92,3.91,2020-10-26 00:54:46
163,Santa Monica,PH,10.37,126.04,83.2,70,100,1.17,2020-10-26 00:54:46
164,Mossamedes,AO,-14.88,11.67,67.7,84,72,4.27,2020-10-26 00:54:47
165,Boû Demgha,MR,17.56,-10.12,87.7,12,0,4.71,2020-10-26 00:54:48
166,Hechuan,CN,26.69,114.34,65.2,62,65,0.98,2020-10-26 00:54:50
167,Gyigang,CN,29.08,97.91,33.5,83,0,1.33,2020-10-26 00:54:50
168,Condamine,AU,-26.95,150.12,71.6,49,78,3.6,2020-10-26 00:54:50
169,Kuchāman,IN,27.25,74.72,67.0,31,0,2.25,2020-10-26 00:54:50
170,Mungret,IE,52.64,-8.71,48.8,93,75,8.7,2020-10-26 00:54:51
171,Watsa,CD,2.6,29.25,65.6,99,100,0.86,2020-10-26 00:54:52
172,Palana,RU,59.11,160.86,34.7,87,100,3.35,2020-10-26 00:54:52
173,Nagapattinam,IN,10.75,80.02,82.2,73,100,3.13,2020-10-26 00:54:52
174,Cardonal,MX,20.59,-99.08,58.8,68,1,1.48,2020-10-26 00:54:53
175,Gjoa Haven,CA,69.06,-96.21,19.4,92,90,12.9,2020-10-26 00:54:53
176,Bissett,CA,50.85,-95.96,24.0,94,100,1.79,2020-10-26 00:54:55
177,Eastpoint,US,29.5,-84.71,73.4,94,40,2.1,2020-10-26 00:54:56
178,Special Region of Papua,ID,-4.17,137.29,53.4,100,63,1.89,2020-10-26 00:54:58
179,Telén,AR,-36.45,-65.3,56.6,36,0,2.6,2020-10-26 00:54:59
180,Durania,CO,2.0,-70.44,74.8,94,0,0.67,2020-10-26 00:54:59
181,Cerro de Ortega,MX,17.55,-104.35,84.1,75,40,5.21,2020-10-26 00:54:59
182,Pischlach,DE,47.75,11.04,41.0,93,100,2.6,2020-10-26 00:55:00
183,Aripuanã,BR,-8.68,-60.18,78.0,64,0,0.41,2020-10-26 00:55:02
184,Paind do Araguaia,BR,-11.47,-51.29,74.8,71,98,0.57,2020-10-26 00:55:03
185,Riberalta,BO,-11.38,-66.54,78.5,82,34,1.57,2020-10-26 00:55:04
186,Ezbet el-Burg,EG,32.38,32.01,77.6,66,0,3.5,2020-10-26 00:55:05
187,Jiwani,PK,23.75,61.36,79.5,64,0,5.91,2020-10-26 00:55:06
188,Ranua,FI,65.73,26.57,34.0,94,100,6.62,2020-10-26 00:55:06
189,Borgo Casale,IT,41.21,18.26,55.4,93,0,2.6,2020-10-26 00:55:06
190,Baie de Henne,HT,19.63,-73.22,82.7,73,100,1.85,2020-10-26 00:55:08
191,Svetlyy,RU,56.97,85.62,31.0,90,100,3.54,2020-10-26 00:55:08
192,Russellville,US,34.47,-87.75,62.2,93,90,2.08,2020-10-26 00:55:09
193,Senillosa,AR,-39.76,-68.32,53.6,41,0,5.88,2020-10-26 00:55:10
194,Fereydūnkenār,IR,37.69,52.31,71.8,59,92,3.76,2020-10-26 00:55:11
195,Clyde River,CA,70.91,-66.5,26.3,93,99,2.91,2020-10-26 00:55:11
196,Coober Pedy,AU,-29.35,133.34,63.0,34,0,4.06,2020-10-26 00:55:11
197,Caledonia,US,43.49,-91.31,29.6,100,90,2.1,2020-10-26 00:55:12
198,Ola,RU,59.29,151.9,37.8,78,100,9.55,2020-10-26 00:55:12
199,Zahedan,IR,30.05,60.52,40.7,65,0,1.22,2020-10-26 00:55:13
200,Irtyshskiy,RU,58.33,67.96,32.7,97,100,0.92,2020-10-26 00:55:15
201,Akhmīm,EG,26.81,32.07,66.2,52,0,2.6,2020-10-26 00:55:16
202,Lavia,FI,61.67,22.37,50.9,87,90,4.6,2020-10-26 00:55:17
203,Munda,SB,-7.51,158.0,83.8,69,56,2.42,2020-10-26 00:55:17
204,Türkmenbaşy,TM,38.99,52.33,68.4,66,100,5.1,2020-10-26 00:55:18
205,Ibiaí,BR,-16.46,-45.45,72.0,88,24,1.37,2020-10-26 00:55:19
206,Leran,ID,-6.52,111.38,82.2,77,100,3.4,2020-10-26 00:55:19
207,Miðgarðar,IS,66.89,-16.92,38.8,95,100,9.52,2020-10-26 00:55:19
208,Aībak,AF,36.33,67.65,48.1,42,5,2.6,2020-10-26 00:55:20
209,Princeville,US,22.89,-160.2,80.7,69,12,2.4,2020-10-26 00:55:20
210,Koslan,RU,64.08,50.0,18.9,97,19,1.78,2020-10-26 00:55:21
211,Winnett,US,46.71,-108.25,5.3,77,1,3.34,2020-10-26 00:55:21
212,Nordland,NO,67.38,13.93,39.6,93,75,6.7,2020-10-26 00:55:22
213,Ataka-shimmachi,JP,36.8,136.03,60.8,72,40,1.5,2020-10-26 00:55:22
214,Sarongan,ID,-9.4,113.42,81.8,80,87,5.33,2020-10-26 00:55:22
215,Brodokalmak,RU,55.84,62.59,36.8,95,100,4.81,2020-10-26 00:55:23
216,Cáceres,BR,-16.57,-57.24,81.5,62,0,1.66,2020-10-26 00:55:23
217,Zhigansk,RU,66.53,124.72,2.0,93,98,2.2,2020-10-26 00:55:24
218,Mórrope,PE,-6.79,-81.01,62.9,91,8,6.45,2020-10-26 00:55:24
219,Tokār,SD,17.81,37.48,79.7,76,0,8.32,2020-10-26 00:55:26
220,Rivière-Rouge,CA,46.77,-74.78,29.7,82,85,0.99,2020-10-26 00:55:28
221,Guizengeard,FR,45.34,-0.01,49.4,93,0,2.6,2020-10-26 00:55:29
222,Port Saint John's,ZA,-31.85,29.92,68.9,75,100,4.05,2020-10-26 00:55:29
223,Anna Regina,GY,8.34,-58.53,83.3,74,92,7.06,2020-10-26 00:55:29
224,Taksimo,RU,55.92,114.41,11.7,100,100,4.42,2020-10-26 00:55:30
225,Ternovka,UA,48.53,36.21,49.7,75,100,3.76,2020-10-26 00:55:31
226,Naghadeh,IR,37.18,45.38,49.1,37,75,3.1,2020-10-26 00:55:31
227,Maloye Ganyushkino,KZ,47.06,48.89,48.8,69,0,5.48,2020-10-26 00:55:32
228,Strugi Krasnye,RU,58.31,28.79,42.8,93,6,2.0,2020-10-26 00:55:32
229,Myeik,MM,12.62,97.85,82.1,70,6,0.67,2020-10-26 00:55:32
230,Beeghly Heights,US,30.45,-81.6,75.1,94,40,1.5,2020-10-26 00:55:33
231,Zyryanka,RU,64.7,150.29,23.4,96,1,1.06,2020-10-26 00:55:33
232,Naujaat,CA,67.09,-85.66,8.8,95,100,3.62,2020-10-26 00:55:33
233,Daweishan,CN,28.47,113.93,62.2,63,100,0.98,2020-10-26 00:55:34
234,Cachimbo,BR,-9.02,-55.33,75.4,68,100,0.16,2020-10-26 00:55:34
235,Departamento de Presidente Hayes,PY,-24.01,-59.36,90.3,42,0,4.95,2020-10-26 00:55:35
236,Umaoya,ID,-2.9,125.34,82.9,75,3,5.78,2020-10-26 00:55:35
237,Sandy Point,AU,-39.32,146.24,53.9,67,19,11.52,2020-10-26 00:55:36
238,Port-Gentil,GA,-0.07,8.27,79.0,83,100,5.83,2020-10-26 00:55:36
239,Tegul'det,RU,58.32,87.41,24.7,98,100,3.78,2020-10-26 00:55:37
240,Maimará,AR,-23.86,-65.9,53.7,32,0,5.31,2020-10-26 00:55:38
241,Angetu,ET,6.04,39.92,61.5,96,42,1.12,2020-10-26 00:55:38
242,Shintō,JP,25.14,131.38,75.9,67,69,7.14,2020-10-26 00:55:40
243,Tainan,TW,22.91,119.77,78.8,69,40,1.5,2020-10-26 00:55:40
244,Rio do Salto,BR,-28.71,-49.72,63.6,98,70,0.35,2020-10-26 00:55:42
245,Provincia del Pastaza,EC,-2.02,-76.83,77.6,77,4,0.15,2020-10-26 00:55:43
246,Bo`ston Shahri,UZ,42.29,60.76,51.3,44,100,5.47,2020-10-26 00:55:44
247,Shijiacun,CN,31.86,106.68,61.8,70,95,0.5,2020-10-26 00:55:44
248,Graafwater,ZA,-32.32,18.27,56.7,86,0,4.11,2020-10-26 00:55:44
249,Makarov,RU,48.16,144.24,46.5,73,88,12.4,2020-10-26 00:55:44
250,Zelenoborsk,RU,61.08,65.01,25.4,98,100,2.44,2020-10-26 00:55:45
251,Curry,US,35.05,-103.04,33.3,80,90,8.2,2020-10-26 00:55:45
252,Aleutians West,US,51.91,-174.4,42.8,75,90,5.7,2020-10-26 00:55:46
253,Phanom,TH,9.09,98.68,78.8,100,40,0.5,2020-10-26 00:55:47
254,Chamnanga,ZW,-21.77,29.51,74.2,37,0,4.11,2020-10-26 00:55:47
255,Mayo,CA,64.85,-134.91,5.7,96,100,3.93,2020-10-26 00:55:48
256,Colville Lake,CA,68.01,-126.99,16.3,97,100,6.98,2020-10-26 00:55:48
257,Seymour,US,35.8,-83.71,64.4,93,90,0.9,2020-10-26 00:55:48
258,Hinton,US,35.4,-98.43,38.2,93,90,7.7,2020-10-26 00:55:49
259,Alto Parnaíba,BR,-8.75,-45.46,77.6,71,100,0.83,2020-10-26 00:55:49
260,Talas,KG,42.58,72.39,37.4,66,0,2.07,2020-10-26 00:55:50
261,Langfang,CN,39.43,116.8,57.1,66,13,1.0,2020-10-26 00:55:50
262,Atammik,GL,64.95,-52.59,30.3,83,100,5.53,2020-10-26 00:55:51
263,Chisasibi,CA,53.66,-78.68,24.8,85,75,3.1,2020-10-26 00:55:51
264,Svetlyy,RU,50.54,62.17,51.9,88,100,10.13,2020-10-26 00:55:52
265,Swan River,CA,52.15,-101.26,17.8,93,56,4.07,2020-10-26 00:55:54
266,Carbonita,BR,-17.46,-42.88,69.1,89,0,1.45,2020-10-26 00:55:54
267,Garissa,KE,-0.73,39.79,76.5,77,6,5.91,2020-10-26 00:55:54
268,Kushoky,KZ,50.64,73.36,40.6,70,100,9.24,2020-10-26 00:55:55
269,Kozyrëvsk,RU,55.87,159.37,43.5,71,85,4.46,2020-10-26 00:55:56
270,Ciudad Insurgentes,MX,24.94,-112.72,73.0,83,0,9.38,2020-10-26 00:55:56
271,Don Luan,VN,11.49,106.89,77.6,86,66,1.28,2020-10-26 00:55:56
272,Baykalovsk,RU,71.0,84.08,-3.1,93,61,1.6,2020-10-26 00:55:56
273,Hiroo,JP,41.18,144.2,56.0,63,0,7.2,2020-10-26 00:55:57
274,Luanda,AO,-8.81,12.44,75.9,85,100,4.07,2020-10-26 00:55:58
275,Majadas,CL,-27.54,-72.36,56.8,81,0,12.46,2020-10-26 00:55:59
276,Duck Village,US,59.0,-152.83,42.4,91,100,13.42,2020-10-26 00:56:00
277,San,ML,13.21,-5.37,79.8,17,54,2.95,2020-10-26 00:56:01
278,Ust'-Karsk,RU,52.56,120.76,35.0,83,100,1.01,2020-10-26 00:56:02
279,Kingman,US,37.74,-98.16,32.0,70,90,5.1,2020-10-26 00:56:02
280,Colonia San Pedro,AR,-37.94,-62.15,49.0,84,62,0.89,2020-10-26 00:56:02
281,Qaraton,KZ,46.71,53.1,51.0,65,0,9.94,2020-10-26 00:56:03
282,Evjen,NO,68.5,12.99,41.0,86,75,4.6,2020-10-26 00:56:05
283,Rumung Municipality,FM,10.73,137.94,84.2,69,100,2.68,2020-10-26 00:56:06
284,Kaktovik,US,69.85,-144.9,15.8,92,90,1.5,2020-10-26 00:56:07
285,Rādhanpur,IN,23.77,71.22,79.4,51,0,1.75,2020-10-26 00:56:09
286,Alandroal,PT,38.66,-7.46,51.0,92,100,3.13,2020-10-26 00:56:10
287,Labasa,FJ,-15.17,178.92,79.6,78,23,5.25,2020-10-26 00:56:12
288,Shintō,JP,26.05,130.18,75.7,61,84,6.17,2020-10-26 00:56:12
289,Feld am See,AT,46.78,13.74,52.1,93,75,0.5,2020-10-26 00:56:13
290,Borodinskaya,RU,46.21,38.22,58.1,74,26,7.8,2020-10-26 00:56:13
291,Davila,PH,18.86,119.76,82.7,82,95,15.11,2020-10-26 00:56:14
292,Lasengmiao,CN,39.36,106.89,45.4,42,0,6.27,2020-10-26 00:56:15
293,Chute-aux-Outardes,CA,49.78,-69.13,24.9,87,3,2.07,2020-10-26 00:56:15
294,Chinchipe,EC,-2.48,-81.91,66.6,88,92,6.03,2020-10-26 00:56:15
295,Horiult,MN,45.13,100.72,33.3,64,0,1.44,2020-10-26 00:56:16
296,Mayumba,GA,-4.59,10.41,77.6,84,100,5.61,2020-10-26 00:56:16
297,Loyada,DJ,11.46,43.71,82.4,65,40,5.28,2020-10-26 00:56:18
298,Taksimo,RU,56.45,114.45,16.4,98,100,4.97,2020-10-26 00:56:19
299,La Cuesta,ES,29.55,-17.43,69.8,71,61,7.26,2020-10-26 00:56:20
300,La Plaine,DM,15.39,-60.37,82.6,77,2,10.02,2020-10-26 00:56:20
301,Arctic Village,US,68.21,-148.25,8.4,90,1,0.88,2020-10-26 00:56:21
302,Leilani Estates,US,18.6,-154.15,79.2,75,100,7.72,2020-10-26 00:56:21
303,Safende,CV,15.0,-26.87,81.0,75,28,9.44,2020-10-26 00:56:22
304,Itaituba,BR,-5.16,-55.05,74.7,83,24,0.67,2020-10-26 00:56:23
305,Ning’an,CN,44.14,128.97,44.7,59,0,1.45,2020-10-26 00:56:23
306,Parkkino,RU,69.56,31.19,30.2,86,90,9.8,2020-10-26 00:56:23
307,Jinniu,CN,26.11,100.82,50.3,100,94,1.01,2020-10-26 00:56:24
308,San Juan,MX,27.63,-99.91,88.7,52,5,5.7,2020-10-26 00:56:25
309,Berdigestyakh,RU,61.48,125.89,21.9,92,100,3.95,2020-10-26 00:56:26
310,Qümong,CN,32.68,98.05,29.3,99,99,3.63,2020-10-26 00:56:31
311,Vao,NC,-23.91,167.55,72.8,81,0,6.58,2020-10-26 00:56:32
312,Zhoujiajing,CN,39.72,102.84,36.7,57,73,1.73,2020-10-26 00:56:32
313,Arviat,CA,61.93,-94.7,7.2,95,21,3.09,2020-10-26 00:56:33
314,Jordan,US,47.17,-106.7,15.8,56,0,3.1,2020-10-26 00:56:34
315,La Victoria,EC,-1.09,-75.89,79.2,72,17,0.45,2020-10-26 00:56:34
316,Borkou Region,TD,17.59,17.28,72.5,26,5,5.53,2020-10-26 00:56:35
317,Arapahoe,US,39.66,-104.48,8.5,87,100,3.58,2020-10-26 00:56:35
318,Vilhelmina,SE,64.47,16.64,39.2,80,69,3.1,2020-10-26 00:56:36
319,Vanavara,RU,60.76,103.69,19.8,97,66,1.83,2020-10-26 00:56:36
320,Inukjuak,CA,58.64,-78.05,28.4,86,75,8.7,2020-10-26 00:56:37
321,São Vicente do Sul,BR,-29.66,-54.61,73.7,80,36,3.5,2020-10-26 00:56:37
322,Cape Parry,CA,70.36,-127.92,19.8,96,99,7.09,2020-10-26 00:56:37
323,Tsiigehtchic,CA,66.98,-131.96,17.0,97,95,4.61,2020-10-26 00:56:38
324,Leningradskiy,RU,68.86,176.24,17.2,94,99,0.35,2020-10-26 00:56:38
325,Bordj Omar Driss,DZ,27.74,5.64,69.5,43,0,4.95,2020-10-26 00:56:39
326,Esfarāyen,IR,37.04,57.32,39.2,44,0,1.0,2020-10-26 00:56:39
327,Ennadai,CA,60.63,-100.69,5.9,95,42,3.04,2020-10-26 00:56:40
328,Urubichá,BO,-14.43,-62.71,82.1,68,100,1.02,2020-10-26 00:56:40
329,Ostrovnoy,RU,69.05,39.72,36.3,80,100,6.77,2020-10-26 00:56:40
330,Ouakam,SN,14.11,-18.58,82.3,80,0,3.76,2020-10-26 00:56:41
331,Ngidihopitonu,ID,2.27,126.71,83.2,75,91,4.17,2020-10-26 00:56:42
332,Sintang,ID,-0.39,111.45,79.7,82,100,0.89,2020-10-26 00:56:42
333,Schefferville,CA,56.09,-66.61,17.8,98,93,4.72,2020-10-26 00:56:43
334,San Ramón,BO,-13.41,-65.12,82.9,68,92,2.28,2020-10-26 00:56:43
335,Frontera,ES,26.77,-19.02,71.2,79,0,9.29,2020-10-26 00:56:45
336,Gooty,IN,15.03,77.81,74.8,78,47,0.5,2020-10-26 00:56:45
337,Guelmim-Es Semara,MA,28.22,-9.01,67.4,27,0,4.3,2020-10-26 00:56:46
338,Hadjer-Lamis Region,TD,12.99,16.29,82.4,16,87,5.55,2020-10-26 00:56:46
339,Noyabrsk,RU,63.63,75.61,19.9,97,95,5.84,2020-10-26 00:56:47
340,Beba Veche,RO,46.13,20.38,53.9,100,40,2.6,2020-10-26 00:56:47
341,Sharm el Sheikh,EG,27.19,34.74,82.2,66,0,8.36,2020-10-26 00:56:47
342,Tanah Merah,ID,-7.21,139.63,89.7,58,70,1.58,2020-10-26 00:56:47
343,Shouchun,CN,32.31,116.81,59.9,77,100,1.87,2020-10-26 00:56:48
344,Ravensthorpe,AU,-33.09,120.57,72.0,27,0,8.05,2020-10-26 00:56:49
345,Port-Gentil,GA,-0.46,8.52,79.0,83,100,6.27,2020-10-26 00:56:50
346,Saint Mary's County,US,38.33,-76.63,52.0,93,90,2.1,2020-10-26 00:56:51
347,Wiang Sa,TH,8.65,99.49,80.3,94,20,0.85,2020-10-26 00:56:51
348,Yovon,TJ,38.42,69.11,41.0,75,0,2.48,2020-10-26 00:56:51
349,Wiluna,AU,-26.42,120.75,79.9,17,0,9.04,2020-10-26 00:56:52
350,Al Khasamah,YE,15.33,44.13,47.3,41,0,1.78,2020-10-26 00:56:52
351,Bukomansimbi,UG,-0.16,31.52,65.7,89,100,2.16,2020-10-26 00:56:53
352,Kolbasa,RU,57.21,76.66,33.8,98,100,1.76,2020-10-26 00:56:53
353,Primorskiy (Maritime) Kray,RU,45.09,134.35,42.1,71,0,1.32,2020-10-26 00:56:53
354,Russia,RU,59.54,101.26,21.8,97,57,1.12,2020-10-26 00:56:54
355,Fujishiro,JP,35.91,140.13,62.7,59,75,2.6,2020-10-26 00:56:54
356,Tacuarembó,UY,-31.76,-56.18,71.0,84,4,1.91,2020-10-26 00:56:56
357,Springhill,US,33.14,-93.53,55.0,91,100,1.62,2020-10-26 00:56:56
358,Alamar,CU,23.87,-82.24,82.4,80,100,6.63,2020-10-26 00:56:56
359,Jervis Bay Territory,AU,-35.52,151.01,57.0,85,100,12.07,2020-10-26 00:56:57
360,Yermentau,KZ,51.39,73.1,41.3,69,100,10.05,2020-10-26 00:56:57
361,Ayan,RU,57.25,136.86,16.8,93,0,1.16,2020-10-26 00:56:58
362,Qasigiannguit,GL,68.12,-49.97,3.9,88,100,0.44,2020-10-26 00:56:58
363,Hafar Al-Batin,SA,28.77,45.68,66.2,39,0,2.6,2020-10-26 00:56:58
364,Norfolk Island,NF,-28.51,168.84,68.9,80,1,4.7,2020-10-26 00:56:58
365,Harian,ID,2.47,98.75,62.2,92,100,1.37,2020-10-26 00:56:59
366,Evensk,RU,61.89,157.83,31.5,93,100,2.59,2020-10-26 00:57:01
367,Bouza,NE,14.38,6.24,81.2,16,1,3.42,2020-10-26 00:57:01
368,Perryton,US,36.37,-100.7,30.2,92,90,7.7,2020-10-26 00:57:02
369,Al Madīnah al Munawwarah,SA,25.79,39.66,69.9,20,0,5.26,2020-10-26 00:57:03
370,Demerval Lobão,BR,-5.23,-42.75,87.8,58,0,1.0,2020-10-26 00:57:03
371,Bor,RU,62.46,91.8,13.6,97,98,1.32,2020-10-26 00:57:03
372,Igloolik,CA,69.41,-79.14,15.8,92,90,8.2,2020-10-26 00:57:03
373,Kimberly,US,44.27,-88.36,31.3,100,90,2.6,2020-10-26 00:57:04
374,Angelina,US,31.19,-94.45,62.8,85,100,0.89,2020-10-26 00:57:04
375,Adamantina,BR,-21.64,-51.1,78.4,66,60,2.16,2020-10-26 00:57:04
376,Keremeos,CA,48.9,-120.1,27.8,63,1,1.5,2020-10-26 00:57:05
377,Umba,RU,66.82,36.38,18.8,96,100,3.59,2020-10-26 00:57:05
378,Whittier,US,60.69,-148.46,37.0,91,100,0.89,2020-10-26 00:57:06
379,Kimmirut,CA,62.9,-69.61,15.8,98,100,1.63,2020-10-26 00:57:06
380,Maple Creek,CA,49.73,-109.66,6.5,88,0,4.96,2020-10-26 00:57:06
381,Kerema,PG,-8.07,144.76,80.7,83,64,1.38,2020-10-26 00:57:08
382,Easton,GB,50.28,-2.33,48.6,77,0,5.81,2020-10-26 00:57:09
383,Entuziastov,RU,71.63,137.51,14.4,95,100,10.32,2020-10-26 00:57:09
384,Orda,KZ,48.14,48.25,45.8,76,0,4.74,2020-10-26 00:57:10
385,Darovskoy,RU,58.65,48.01,30.5,98,96,3.11,2020-10-26 00:57:11
386,Verona,US,42.97,-89.6,32.1,86,90,2.1,2020-10-26 00:57:12
387,Gari,RU,59.03,62.91,26.1,98,100,1.36,2020-10-26 00:57:12
388,Haapiti,PF,-18.08,-151.16,77.2,81,40,7.06,2020-10-26 00:57:12
389,Altai Krai,RU,52.41,83.04,36.9,80,100,10.27,2020-10-26 00:57:13
390,Chanat-la-Mouteyre,FR,45.84,3.02,48.2,87,100,5.7,2020-10-26 00:57:14
391,Bermejo,BO,-22.64,-64.96,60.7,78,16,0.95,2020-10-26 00:57:14
392,South Padre Island,US,25.69,-96.1,79.4,79,0,7.43,2020-10-26 00:57:15
393,Bandundu Province,CD,-3.13,17.63,71.5,96,65,0.88,2020-10-26 00:57:15
394,Linville,AU,-26.82,152.22,77.2,57,40,3.1,2020-10-26 00:57:15
395,Beruri,BR,-3.73,-60.94,77.8,79,3,0.72,2020-10-26 00:57:16
396,South Sinai,EG,29.61,34.05,56.9,92,0,0.88,2020-10-26 00:57:18
397,Matawak,CA,54.49,-92.94,22.3,97,100,2.76,2020-10-26 00:57:18
398,Young,AU,-34.32,148.37,57.3,68,95,11.02,2020-10-26 00:57:19
399,Kargasok,RU,58.76,80.06,26.9,99,100,2.9,2020-10-26 00:57:19
400,Ventspils,LV,57.56,20.86,50.0,100,0,3.6,2020-10-26 00:57:20
401,Karasburg,NA,-28.18,19.65,65.7,30,77,1.23,2020-10-26 00:57:20
402,Boisdale,CA,45.94,-60.38,39.3,63,11,1.34,2020-10-26 00:57:21
403,Balzar,EC,-1.22,-79.88,81.3,62,100,2.72,2020-10-26 00:57:21
404,Paraiso,MX,19.26,-93.63,82.0,73,25,3.3,2020-10-26 00:57:21
405,Pak Chong,TH,14.97,101.43,73.6,76,91,1.57,2020-10-26 00:57:23
406,Quorn,AU,-31.71,137.48,58.6,38,41,5.75,2020-10-26 00:57:23
407,Ciudad Insurgentes,MX,25.17,-112.96,72.6,83,0,9.83,2020-10-26 00:57:23
408,Bizerte,TN,37.53,9.99,53.6,87,20,4.99,2020-10-26 00:57:24
409,Aktobe,KZ,43.58,70.39,43.6,58,90,3.34,2020-10-26 00:57:24
410,Ivashka,RU,58.83,161.95,33.6,95,100,2.04,2020-10-26 00:57:25
411,Magistral'nyy,RU,55.87,107.5,23.0,91,83,4.54,2020-10-26 00:57:25
412,Ban Nong Rang,TH,15.49,102.07,69.8,100,75,4.1,2020-10-26 00:57:26
413,Safakulevo,RU,55.08,62.35,37.4,100,90,1.0,2020-10-26 00:57:26
414,Cusuna,HN,15.55,-85.0,74.0,91,100,1.29,2020-10-26 00:57:26
415,Nishinoomote,JP,31.0,131.04,68.0,60,20,1.5,2020-10-26 00:57:26
416,Neryungri,RU,56.3,123.74,30.3,91,100,1.52,2020-10-26 00:57:29
417,Dudinka,RU,69.21,83.14,6.4,95,85,2.36,2020-10-26 00:57:30
418,Southern Province,LK,6.25,80.51,73.4,100,20,0.5,2020-10-26 00:57:30
419,Edéia,BR,-17.27,-49.75,74.0,80,100,2.56,2020-10-26 00:57:31
420,Weewanie,CA,53.21,-128.42,23.3,89,100,1.9,2020-10-26 00:57:32
421,Barkerville,CA,53.32,-121.82,24.8,68,90,3.6,2020-10-26 00:57:32
422,Ilulissat,GL,69.56,-49.62,15.8,52,100,0.5,2020-10-26 00:57:32
423,Buyant,MN,45.87,98.92,26.7,69,0,2.08,2020-10-26 00:57:33
424,Vallenar,CL,-29.05,-70.67,42.7,58,0,1.23,2020-10-26 00:57:34
425,Rockley,BB,12.25,-60.03,82.6,79,0,8.11,2020-10-26 00:57:34
426,Villa Emilio Carranza,MX,20.15,-96.23,81.5,73,0,4.19,2020-10-26 00:57:34
427,Kasaï-Oriental Province,CD,-4.36,24.11,69.6,98,100,1.06,2020-10-26 00:57:35
428,Salym,RU,59.09,73.04,28.7,99,100,2.78,2020-10-26 00:57:35
429,San Pedro de Atacama,CL,-23.13,-67.73,30.6,72,4,1.57,2020-10-26 00:57:36
430,Lago da Pedra,BR,-4.73,-46.09,72.6,95,100,0.72,2020-10-26 00:57:36
431,Steinhatchee,US,29.8,-83.34,75.1,83,1,2.6,2020-10-26 00:57:38
432,Van Province,TR,38.59,43.47,41.0,60,75,1.0,2020-10-26 00:57:38
433,Vysokogornyy,RU,50.44,139.98,37.5,77,99,4.7,2020-10-26 00:57:38
434,Pond Inlet,CA,72.43,-76.15,15.8,100,90,4.6,2020-10-26 00:57:39
435,Hailin,CN,44.5,128.9,45.5,57,0,0.39,2020-10-26 00:57:40
436,Tokār,SD,17.84,38.94,87.5,69,0,7.53,2020-10-26 00:57:40
437,Viglino,RU,58.47,35.08,39.1,94,91,1.02,2020-10-26 00:57:41
438,Mai-ti,ER,12.91,42.04,74.9,53,21,5.34,2020-10-26 00:57:42
439,Shiwnah Takhak,AF,34.07,67.15,26.5,78,0,0.62,2020-10-26 00:57:42
440,Alberta,CA,52.02,-116.71,12.7,86,100,2.96,2020-10-26 00:57:43
441,Tucuruí,BR,-4.03,-48.62,73.4,96,93,1.16,2020-10-26 00:57:43
442,Nāṟay,AF,35.32,71.67,26.7,85,0,2.76,2020-10-26 00:57:43
443,Namoluk Municipality,FM,5.99,152.1,84.3,73,100,3.78,2020-10-26 00:57:44
444,Seratak,ID,-4.69,115.99,83.7,76,100,4.45,2020-10-26 00:57:45
445,Stoneville,AU,-31.13,122.16,70.2,29,0,9.27,2020-10-26 00:57:45
446,Ranai,ID,2.73,107.98,83.6,74,100,3.65,2020-10-26 00:57:45
447,Sachs Harbour,CA,71.82,-126.64,19.6,95,100,10.02,2020-10-26 00:57:47
448,Carauari,BR,-4.7,-66.91,73.7,93,84,0.31,2020-10-26 00:57:49
449,Turpan,CN,43.21,89.54,34.9,71,97,0.24,2020-10-26 00:57:49
450,Dikson,RU,74.51,82.36,27.0,92,100,4.58,2020-10-26 00:57:49
451,Municipio Maracaibo,VE,10.62,-72.48,74.2,88,33,1.14,2020-10-26 00:57:50
452,Lagoa Vermelha,BR,-28.01,-51.48,65.3,81,99,6.25,2020-10-26 00:57:51
453,Misratah,LY,33.29,15.27,71.8,59,100,2.58,2020-10-26 00:57:52
454,Rioblanco,CO,3.5,-75.89,77.0,65,75,4.6,2020-10-26 00:57:52
455,Neiafu,TO,-19.07,-173.11,76.1,83,60,8.62,2020-10-26 00:57:54
456,Channel Islands Beach,US,34.01,-119.39,63.9,68,90,6.7,2020-10-26 00:57:55
457,Mergen,CN,49.39,126.09,40.3,69,100,1.88,2020-10-26 00:57:55
458,Praia,CV,14.85,-23.54,80.6,74,0,7.7,2020-10-26 00:57:56
459,Dzüünbulag,MN,46.54,115.2,38.1,73,0,8.99,2020-10-26 00:57:56
460,Cafayate,AR,-25.85,-65.59,59.3,80,0,3.57,2020-10-26 00:57:58
461,Kaktovik,US,69.94,-144.69,15.8,92,90,1.5,2020-10-26 00:57:59
462,Ryōtsu-minato,JP,38.71,138.8,59.4,59,100,6.91,2020-10-26 00:57:59
463,Rundu,NA,-17.39,20.73,70.6,29,5,2.05,2020-10-26 00:57:59
464,Svetlogorsk,RU,66.73,90.32,-6.4,93,9,1.32,2020-10-26 00:57:59
465,Vitry-aux-Loges,FR,47.94,2.22,50.1,93,75,6.2,2020-10-26 00:58:00
466,Yurgamysh,RU,55.14,64.56,41.0,92,100,2.76,2020-10-26 00:58:00
467,Cass,US,46.94,-97.12,23.9,73,23,3.6,2020-10-26 00:58:01
468,Yugorsk,RU,61.29,63.13,25.6,98,100,2.23,2020-10-26 00:58:01
469,Port Saint Joe,US,28.98,-85.7,77.2,79,0,4.76,2020-10-26 00:58:02
470,Paind do Araguaia,BR,-10.32,-51.01,75.5,66,84,1.14,2020-10-26 00:58:02
471,Pedraza La Vieja,VE,7.7,-70.86,74.7,94,22,0.94,2020-10-26 00:58:02
472,Bagudo,NG,11.33,4.23,77.0,35,0,0.98,2020-10-26 00:58:03
473,Ust-Kuyga,RU,69.52,133.41,9.6,85,49,4.5,2020-10-26 00:58:04
474,Assamakka,NE,19.12,6.25,76.3,17,0,5.09,2020-10-26 00:58:04
475,Alta Floresta,BR,-10.95,-56.07,76.5,75,100,0.76,2020-10-26 00:58:05
476,Haveluloto,TO,-20.78,-175.97,75.3,81,62,10.71,2020-10-26 00:58:05
477,Kontcha,CM,8.06,12.76,73.5,60,46,1.32,2020-10-26 00:58:06
478,Valuyki,RU,50.15,38.24,44.1,86,100,0.9,2020-10-26 00:58:07
479,Nosara,CR,9.95,-85.78,79.6,83,100,2.77,2020-10-26 00:58:07
480,Huimilpan,MX,20.33,-100.37,77.0,17,40,5.7,2020-10-26 00:58:08
481,Hassi Messaoud,DZ,31.55,7.58,69.3,31,0,2.53,2020-10-26 00:58:11
482,Shumanay Shahri,UZ,42.13,57.88,52.8,45,2,3.72,2020-10-26 00:58:11
483,Kerema,PG,-8.74,145.41,81.5,81,42,3.4,2020-10-26 00:58:11
484,Hollum,NL,54.3,5.4,53.6,81,70,10.8,2020-10-26 00:58:11
485,Resolute,CA,73.92,-92.73,9.2,94,100,1.77,2020-10-26 00:58:12
486,Eucla,AU,-30.87,129.38,63.6,40,0,6.03,2020-10-26 00:58:13
487,Brusenets,RU,60.26,43.9,27.6,97,21,2.54,2020-10-26 00:58:13
488,North Khorasan,IR,36.84,56.58,48.8,51,0,0.47,2020-10-26 00:58:13
489,Kalumpang,ID,-2.18,119.7,69.9,71,69,0.54,2020-10-26 00:58:14
490,Krasnosel'kup,RU,64.43,82.92,8.6,95,63,3.43,2020-10-26 00:58:16
491,Kāzerūn,IR,29.24,51.88,57.3,55,0,0.39,2020-10-26 00:58:17
492,Bambamarca,PE,-6.51,-78.29,54.8,94,97,1.43,2020-10-26 00:58:18
493,Apastovsky District,RU,55.47,48.66,32.0,97,0,4.0,2020-10-26 00:58:20
494,San Quintín,MX,30.53,-115.82,64.1,69,78,6.45,2020-10-26 00:58:21
495,Utsira,NO,59.47,2.8,51.8,76,94,15.9,2020-10-26 00:58:22
496,Buluang,PH,12.57,120.09,80.0,94,100,19.11,2020-10-26 00:58:22
497,Kamsar,GN,9.66,-15.34,80.9,85,0,5.41,2020-10-26 00:58:23
498,Thoen,TH,17.51,99.23,73.4,94,20,1.0,2020-10-26 00:58:23
499,Arzak,CN,40.01,75.39,21.3,93,2,1.32,2020-10-26 00:58:24
500,Long Spruce,CA,56.8,-92.94,17.6,95,78,3.12,2020-10-26 00:58:25
501,North Slope,US,69.46,-151.05,11.9,96,0,3.98,2020-10-26 00:58:25
502,Kosh-Agach,RU,49.95,88.61,17.6,70,59,0.6,2020-10-26 00:58:26
503,Bissett,CA,50.81,-95.24,22.8,94,70,2.93,2020-10-26 00:58:26
504,Itzer,MA,32.94,-4.86,50.9,46,0,3.32,2020-10-26 00:58:27
505,Ash Shatt,YE,12.62,43.73,82.0,55,34,8.03,2020-10-26 00:58:28
506,Jingpeng,CN,42.95,117.14,44.6,53,96,7.39,2020-10-26 00:58:28
507,Puerto Rondón,CO,6.37,-70.81,77.0,85,6,2.05,2020-10-26 00:58:28
508,Kinosis,CA,56.2,-111.99,30.2,36,1,5.1,2020-10-26 00:58:31
509,Huanan,CN,46.52,130.48,42.5,65,0,2.27,2020-10-26 00:58:31
510,Victoria Daly,AU,-16.85,131.77,89.5,47,66,5.58,2020-10-26 00:58:31
511,Dū Qal‘ah,AF,32.46,60.57,42.4,58,0,2.34,2020-10-26 00:58:31
512,Akutan,US,55.4,-166.48,45.4,85,90,7.8,2020-10-26 00:58:32
513,Moomba,AU,-14.35,142.19,101.0,34,5,0.35,2020-10-26 00:58:32
514,Onoun,FM,8.72,149.73,84.2,68,1,2.84,2020-10-26 00:58:33
515,Rowan Bay,US,56.83,-134.23,35.6,93,90,3.6,2020-10-26 00:58:33
516,Bongak,SS,7.27,33.21,75.2,82,97,0.99,2020-10-26 00:58:33
517,Krasavino,RU,60.92,46.73,27.3,96,100,3.07,2020-10-26 00:58:34
518,Port au Choix,CA,50.91,-57.78,37.5,74,33,12.9,2020-10-26 00:58:35
519,Mato Grosso,BR,-12.47,-56.2,74.4,73,67,0.59,2020-10-26 00:58:36
520,Cherskiy,RU,68.42,159.0,16.6,96,100,1.87,2020-10-26 00:58:36
521,West Coast,AU,-43.42,144.75,49.4,71,0,7.36,2020-10-26 00:58:37
522,Kangaamiut,GL,66.12,-51.98,1.2,88,100,3.76,2020-10-26 00:58:37
523,Ittoqqortoormiit,GL,69.99,-20.35,21.4,97,100,8.45,2020-10-26 00:58:38
524,Australia,AU,-26.07,134.67,67.9,25,0,4.09,2020-10-26 00:58:38
525,Chhātāpur,IN,26.26,86.87,72.8,94,26,1.33,2020-10-26 00:58:39
526,South Caribbean Coast Autonomous Region,NI,12.52,-84.62,74.3,92,95,2.61,2020-10-26 00:58:41
527,Sali,HR,43.73,14.78,51.8,100,20,1.5,2020-10-26 00:58:41
528,Nusa Dua,ID,-9.26,123.53,82.3,81,100,4.6,2020-10-26 00:58:42
529,Southport,US,32.85,-77.19,77.5,74,0,0.34,2020-10-26 00:58:42
530,Lappajärvi,FI,63.14,23.54,46.2,98,100,5.47,2020-10-26 00:58:42
531,Burwood,NZ,-43.55,172.72,54.4,81,100,6.2,2020-10-26 00:58:43
532,Mitata,GR,36.39,23.22,69.8,65,0,5.22,2020-10-26 00:58:43
533,Tazovsky,RU,67.48,80.14,3.4,94,0,3.34,2020-10-26 00:58:44
534,Saranpaul',RU,64.46,60.26,15.6,98,100,1.4,2020-10-26 00:58:44
535,Kununurra,AU,-16.49,128.45,89.6,52,100,2.1,2020-10-26 00:58:44
536,Bougainville,PG,-4.94,154.34,83.9,73,35,5.4,2020-10-26 00:58:45
537,Siete Palmas,AR,-25.14,-58.46,87.0,43,0,3.02,2020-10-26 00:58:45
538,Marjah,AF,31.58,63.99,47.0,45,0,1.48,2020-10-26 00:58:46
539,Autauga,US,32.6,-86.73,67.9,94,90,1.42,2020-10-26 00:58:46
540,Novo Aripuanã,BR,-5.67,-60.12,75.0,90,10,1.46,2020-10-26 00:58:46
541,Los Lagos Region,CL,-41.98,-72.39,28.2,100,100,0.79,2020-10-26 00:58:47
542,Uzynkair,KZ,44.37,61.2,51.7,46,100,7.63,2020-10-26 00:58:47
543,Solnechnyy,RU,59.57,136.81,11.7,89,44,0.54,2020-10-26 00:58:48
544,Olonkinbyen,SJ,71.16,-4.86,38.7,81,100,13.11,2020-10-26 00:58:48
545,Huon Valley,AU,-43.24,146.16,55.0,65,0,2.24,2020-10-26 00:58:49
546,Chanika,TZ,-5.72,38.23,67.0,98,64,0.42,2020-10-26 00:58:49
547,Dease Lake,CA,58.79,-129.45,21.2,92,90,1.0,2020-10-26 00:58:50
548,Sangkulirang,ID,0.46,118.1,80.3,81,100,3.18,2020-10-26 00:58:51
549,Cedrillas,ES,40.4,-0.9,50.0,76,90,3.6,2020-10-26 00:58:52
550,Kargasok,RU,59.34,80.66,26.3,98,100,5.26,2020-10-26 00:58:52
551,Ukungu,CD,-2.84,24.13,68.8,98,100,0.91,2020-10-26 00:58:53
552,Sudan,SD,16.45,29.21,73.0,29,0,6.65,2020-10-26 00:58:53
553,Buntharik,TH,14.58,105.53,69.8,94,40,1.0,2020-10-26 00:58:54
554,Duokake,CN,36.38,93.35,24.7,68,0,0.24,2020-10-26 00:58:54
555,San Juan Province,AR,-30.79,-69.22,44.8,55,0,5.24,2020-10-26 00:58:55
556,Frankfort,US,44.9,-86.59,34.1,86,90,1.81,2020-10-26 00:58:55
557,Entuziastov,RU,71.66,135.39,16.2,96,100,10.96,2020-10-26 00:58:55
558,Kalāteh-ye Dowlat,IR,35.41,56.57,48.4,57,0,0.92,2020-10-26 00:58:56
559,Saule,KZ,49.39,52.27,51.0,69,96,11.89,2020-10-26 00:58:58
560,Oxelösund,SE,58.49,17.71,51.8,100,75,4.1,2020-10-26 00:58:58
561,Melangguane,ID,3.9,126.22,83.4,75,99,4.33,2020-10-26 00:58:59
562,Uummannaq,GL,70.63,-50.19,6.5,83,100,3.34,2020-10-26 00:59:00
563,Stornoway,GB,58.3,-6.65,49.4,87,38,7.7,2020-10-26 00:59:03
564,Byumba Ville,RW,-1.47,30.01,64.2,88,75,1.5,2020-10-26 00:59:03
565,Khapalu,PK,35.64,76.29,-18.6,100,17,1.59,2020-10-26 00:59:03
566,Laverton,AU,-28.29,123.97,71.4,24,0,8.35,2020-10-26 00:59:04
567,Ouanaminthe,HT,19.56,-71.75,80.6,70,100,1.55,2020-10-26 00:59:05
568,Gamba,GA,-3.4,9.24,77.2,86,100,6.33,2020-10-26 00:59:05
569,Quilpie,AU,-26.24,143.37,70.4,24,0,3.41,2020-10-26 00:59:06
570,Ankang,CN,32.44,108.87,63.0,32,48,3.58,2020-10-26 00:59:06
571,Nizhnesortymskiy,RU,62.42,71.01,22.9,98,97,5.75,2020-10-26 00:59:06
572,Nadym,RU,65.15,72.84,16.9,97,100,6.8,2020-10-26 00:59:07
573,Simod,PH,7.44,125.42,82.4,83,75,1.0,2020-10-26 00:59:07
574,Räpina,EE,58.11,27.47,45.0,93,0,3.6,2020-10-26 00:59:08
575,Aral,CN,40.77,81.55,47.4,46,100,3.16,2020-10-26 00:59:08
576,Beishanyanchi,CN,45.53,90.03,29.2,79,0,0.39,2020-10-26 00:59:09
577,Southern Red Sea Region,ER,13.5,41.34,82.3,26,0,1.51,2020-10-26 00:59:09
578,Cherskiy,RU,69.96,160.31,17.1,96,0,3.94,2020-10-26 00:59:09
579,Kamativi Mine,ZW,-18.18,26.95,73.7,28,0,2.08,2020-10-26 00:59:10
580,Mhango,TZ,-3.44,32.51,71.5,68,100,1.79,2020-10-26 00:59:10
581,Bogashevo,RU,56.38,85.7,30.6,92,75,3.0,2020-10-26 00:59:10
582,Craig,US,55.06,-134.55,50.8,95,100,13.97,2020-10-26 00:59:11
583,Turaif,SA,31.71,38.74,64.4,23,20,3.6,2020-10-26 00:59:11
584,Renews-Cappahayden,CA,46.09,-52.54,51.0,69,60,13.15,2020-10-26 00:59:12
585,Longcang,CN,34.75,99.62,31.5,97,100,2.22,2020-10-26 00:59:12
586,Qal‘ah-ye Fārsī,AF,33.74,63.01,32.1,81,0,1.46,2020-10-26 00:59:13
587,Formosa Province,AR,-24.4,-59.34,89.3,43,0,4.73,2020-10-26 00:59:13
588,Jeff Davis,US,30.66,-104.17,68.4,15,1,4.1,2020-10-26 00:59:14
589,Río Negro Province,AR,-39.77,-66.79,64.7,26,0,5.68,2020-10-26 00:59:14
590,Moḩammadābād,IR,35.97,60.37,45.2,56,0,2.04,2020-10-26 00:59:14
591,Sodankylä,FI,67.39,26.02,32.0,98,90,6.2,2020-10-26 00:59:15
592,Boca do Acre,BR,-8.98,-67.42,75.7,89,100,1.95,2020-10-26 00:59:15
593,Dzüünkharaa,MN,48.96,107.41,16.7,88,91,1.89,2020-10-26 00:59:15
594,Dul'durga,RU,50.4,114.19,28.6,87,100,10.07,2020-10-26 00:59:15
595,Chañaral,CL,-29.33,-72.54,55.8,79,0,13.11,2020-10-26 00:59:16
596,North Aegean,GR,39.6,25.09,59.0,93,20,3.8,2020-10-26 00:59:16
597,Røssvoll,NO,66.56,14.95,37.0,91,100,1.79,2020-10-26 00:59:16
598,Carira,BR,-10.29,-37.61,73.0,84,92,5.91,2020-10-26 00:59:17
599,Myrtle Beach,US,33.3,-78.42,68.3,94,90,3.6,2020-10-26 00:59:17
600,Manati,AO,-17.99,18.73,73.8,26,98,2.83,2020-10-26 00:59:18
601,Alcuéscar,ES,39.13,-6.26,50.4,91,100,1.34,2020-10-26 00:59:19
602,Saquena,PE,-4.92,-72.92,78.9,77,7,0.89,2020-10-26 00:59:19
603,Adak,US,51.33,-177.07,44.6,75,90,1.36,2020-10-26 00:59:19
604,French Polynesia,PF,-16.0,-139.81,78.6,79,100,5.95,2020-10-26 00:59:20
605,Ilo,PE,-17.81,-71.73,64.2,74,11,3.48,2020-10-26 00:59:20
606,Mejillones,CL,-22.56,-70.87,59.6,84,42,6.34,2020-10-26 00:59:20
607,Khuzhir,RU,52.97,106.5,12.3,95,62,6.16,2020-10-26 00:59:20
608,Yellowknife,CA,62.67,-115.11,27.3,79,75,2.1,2020-10-26 00:59:21
609,Abou el Hassan,DZ,36.9,0.57,69.2,72,67,14.29,2020-10-26 00:59:21
610,Tucano,BR,-10.98,-38.95,73.0,85,91,4.04,2020-10-26 00:59:21
611,Greenland,GL,71.64,-40.85,-13.5,90,100,7.04,2020-10-26 00:59:22
612,Reguiba,DZ,33.96,6.66,57.2,62,0,1.5,2020-10-26 00:59:22
613,Kapit,MY,1.55,112.96,76.6,87,28,0.7,2020-10-26 00:59:24
614,Chatsworth,CA,44.39,-80.82,40.0,79,100,3.52,2020-10-26 00:59:25
615,Svetlaya,RU,46.62,139.79,48.2,65,0,6.1,2020-10-26 00:59:27
616,Kangaamiut,GL,65.58,-54.04,29.4,90,100,13.87,2020-10-26 00:59:28
617,Ust'-Kamchatsk,RU,55.17,163.88,44.1,93,100,11.48,2020-10-26 00:59:28
618,Tawstock,GB,51.05,-4.01,49.0,85,88,6.26,2020-10-26 00:59:28
619,Evensk,RU,61.4,158.06,38.5,77,100,11.96,2020-10-26 00:59:29
620,Puyang Chengguanzhen,CN,35.67,115.22,63.2,42,0,2.42,2020-10-26 00:59:29
621,Chipata,ZM,-13.65,32.6,69.2,60,29,3.72,2020-10-26 00:59:30
622,Ostrov,RU,50.45,110.79,15.8,93,100,7.3,2020-10-26 00:59:31
623,Yuanquan,CN,40.66,95.15,39.9,60,45,6.01,2020-10-26 00:59:32
624,Jonglei,SS,7.47,32.47,76.0,80,87,1.14,2020-10-26 00:59:33
625,Benguela Province,AO,-12.87,13.64,68.9,89,17,1.07,2020-10-26 00:59:33
626,Tafresh,IR,34.65,49.73,41.2,65,100,0.74,2020-10-26 00:59:34
627,Rikitea,PF,-22.35,-134.36,75.2,83,100,9.86,2020-10-26 00:59:34
628,Ust-Maya,RU,60.65,135.71,9.5,92,1,0.87,2020-10-26 00:59:34
629,Upper Nile,SS,10.55,33.29,77.9,70,26,1.78,2020-10-26 00:59:35
630,Con Son,VN,8.54,107.48,81.5,79,0,3.09,2020-10-26 00:59:36
631,Bayganin,KZ,48.63,55.85,48.5,80,59,10.68,2020-10-26 00:59:36
632,Neltume,CL,-39.83,-71.84,30.7,100,78,0.8,2020-10-26 00:59:37
633,Eastend,CA,49.65,-109.04,2.7,93,7,5.29,2020-10-26 00:59:37
634,Salina,US,38.99,-111.92,29.5,53,32,6.26,2020-10-26 00:59:37
635,Daşoguz Welaýaty,TM,41.03,56.73,46.9,52,0,2.21,2020-10-26 00:59:38
636,Unionville,US,35.5,-86.62,61.9,93,90,1.72,2020-10-26 00:59:38
637,Tauramena,CO,5.06,-72.89,59.8,100,5,1.54,2020-10-26 00:59:38
638,Mama,RU,57.99,113.21,23.6,96,100,2.9,2020-10-26 00:59:40
639,Wad Medani,SD,14.27,33.62,82.0,23,0,4.13,2020-10-26 00:59:40
640,Edinburgh of the Seven Seas,SH,-37.34,-10.79,56.5,76,100,13.92,2020-10-26 00:59:41
